code,dropbox_folder_url
AS2031,https://www.dropbox.com/scl/fo/pjy9tlu2khflen07jy9di/h?rlkey=m0e0x07oqty2yv49tfw2gvh9s&dl=0
AS2045,https://www.dropbox.com/scl/fo/vkrwzqydyrsr3uik8wmm8/h?rlkey=pja2qb31begfcuitnnpmgrb28&dl=0
AS2046,https://www.dropbox.com/scl/fo/xntan1sklg04s76tklykh/h?rlkey=k5zsjphz8onj1cfg5xjcdex9x&dl=0
AS2053,https://www.dropbox.com/scl/fo/cbrzuwxox3mshrfk051tc/h?rlkey=q8bqqt0wx90l8cr4uf4do6dnr&st=r73yic1p&dl=0
AS2056,https://www.dropbox.com/scl/fo/hw9vkn5it7w9f0jmkl34v/h?rlkey=l4ce6toxjholxfwlm7tglqxix&st=7fqesild&dl=0
AS2056M,https://www.dropbox.com/scl/fo/ksp5192zi5l39xu4t1h6w/AJQ7MQqJJ1Thv1pHMgJaJE4?rlkey=w3wdo0dbwo7zsyf473zgmh4pv&st=wc7tdhmq&dl=0
AS2060,https://www.dropbox.com/scl/fo/f6hsped2kb4m6xihcimw2/h?rlkey=s7yu4l1hd97nencuu5va3b87e&dl=0
AS2061,https://www.dropbox.com/scl/fo/hidwdkr3yhfwm0gxu9owe/h?rlkey=k8hw2s4xq8tqqq848z8yo7ud5&dl=0
AS2062,https://www.dropbox.com/scl/fo/c28b8ux3gk9lpbehy58si/h?rlkey=9d1rkrfcb8u0fhk1wj0wn54rc&dl=0
AS3042,https://www.dropbox.com/scl/fo/w3k5jtgq6bt6z06x3zd1h/h?dl=0&rlkey=g2s4qk4rbkjos7dhdmfr9ds80
AS3043,https://www.dropbox.com/scl/fo/ydfd7u7arru3z5g842qyq/h?dl=0&rlkey=alxrqpitxcjtna6nudiyw1m0t
AS3047,https://www.dropbox.com/scl/fo/tsfc006oyxo9lyz5sof6v/h?dl=0&rlkey=4ni2wpttzbwv95s9t0m8zuuh6
AS3063,https://www.dropbox.com/scl/fo/5top7etsrirfpz88b8psj/h?rlkey=4whd8m987agtp143ei219h2ai&dl=0
AS3064,https://www.dropbox.com/scl/fo/pgsmbclitstowgrta0cur/h?rlkey=bd0asf01z5m6095mejbiwvb2e&dl=0
AS3065,https://www.dropbox.com/scl/fo/jb4euzije3sjr71o6658p/h?rlkey=w8kqfk4g4dfdhajqb7ewp1qxd&st=fhcv2pb6&dl=0
AS3067,https://www.dropbox.com/scl/fo/mu5om45dzhoic4gbdm3w5/h?rlkey=rd3enwhye0yrjqelg2fobotzn&dl=0
AS4006,https://www.dropbox.com/scl/fo/dus1mo69pkkf90nx4y4u2/h?rlkey=sus8oqlgp7vd90wi8u2ir60s7&dl=0
AS4007,https://www.dropbox.com/scl/fo/rzx0da3e420lg0pkpae4b/h?rlkey=iezlaerhv9c0e940z4f5a82nv&dl=0
AS7006,https://www.dropbox.com/scl/fo/xr45dv5b4wii7k19f7n3n/h?rlkey=kpnoic2j5qanw9ji26an1lqsa&dl=0
